<?xml version="1.0" encoding="UTF-8"?>
<build-type xmlns:xsi="http://www.w3.org/2001/XMLSchema-instance" uuid="bcc0b054-fff2-42b2-9142-0358ee527e79" xsi:noNamespaceSchemaLocation="https://www.jetbrains.com/teamcity/schemas/2025.3/project-config.xsd">
  <name>Build</name>
  <description />
  <settings>
    <build-runners>
      <runner id="Maven2" name="" type="Maven2">
        <conditions>
          <contains name="teamcity.build.branch" value="master" />
        </conditions>
        <parameters>
          <param name="goals" value="clean deploy" />
          <param name="localRepoScope" value="agent" />
          <param name="maven.path" value="%teamcity.tool.maven.DEFAULT%" />
          <param name="pomLocation" value="pom.xml" />
          <param name="runnerArgs" value="-Dmaven.test.failure.ignore=true" />
          <param name="teamcity.step.mode" value="default" />
          <param name="userSettingsSelection" value="settings.xml" />
        </parameters>
      </runner>
    </build-runners>
    <vcs-settings>
      <vcs-entry-ref root-id="Netology_HttpsGithubComDeluxWebSiteExampleTeamcityGitRefsHeadsMaster" />
    </vcs-settings>
    <build-triggers>
      <build-trigger id="TRIGGER_1" type="vcsTrigger">
        <parameters>
          <param name="branchFilter" value="+:*" />
          <param name="enableQueueOptimization" value="true" />
          <param name="quietPeriodMode" value="DO_NOT_USE" />
        </parameters>
      </build-trigger>
    </build-triggers>
    <build-extensions>
      <extension id="perfmon" type="perfmon">
        <parameters>
          <param name="teamcity.perfmon.feature.enabled" value="true" />
        </parameters>
      </extension>
    </build-extensions>
  </settings>
</build-type>

