<?xml version="1.0" encoding="UTF-8"?>
<vcs-root xmlns:xsi="http://www.w3.org/2001/XMLSchema-instance" uuid="54e9fdaf-e726-48f8-a6cd-748ae44d0278" type="jetbrains.git" xsi:noNamespaceSchemaLocation="https://www.jetbrains.com/teamcity/schemas/2025.3/project-config.xsd">
  <name>https://github.com/DeluxWebSite/example-teamcity.git#refs/heads/master</name>
  <param name="agentCleanFilesPolicy" value="ALL_UNTRACKED" />
  <param name="agentCleanPolicy" value="ON_BRANCH_CHANGE" />
  <param name="authMethod" value="PASSWORD" />
  <param name="branch" value="refs/heads/master" />
  <param name="ignoreKnownHosts" value="true" />
  <param name="secure:password" value="zxxe8f9c0f86c2ce5380741023c5ad50b46" />
  <param name="submoduleCheckout" value="CHECKOUT" />
  <param name="teamcity:branchSpec" value="refs/heads/*" />
  <param name="url" value="https://github.com/DeluxWebSite/example-teamcity.git" />
  <param name="useAlternates" value="AUTO" />
  <param name="username" value="sergey.meljnick@yandex.ru" />
  <param name="usernameStyle" value="USERID" />
</vcs-root>

